track_id,track_name,artist_name,album_name,release_date,popularity,duration_ms,market,data_fetched_at,danceability,energy,valence,tempo,speechiness,acousticness,instrumentalness,liveness,days_since_release,popularity_bucket,vibe_score
2tudvzsrR56uom6smgOcSf,Like That,Future,WE DON'T TRUST YOU,2024-03-22,84,267706,US,2026-01-09 10:02:47.120908+00:00,,,,,,,,,658,High,
6pheMGrfMwwnypqafU7d4k,Run Rudolph Run - Spotify Singles Holiday,Mark Ambor,Run Rudolph Run - Spotify Singles Holiday,2024-10-15,85,155846,US,2026-01-09 10:02:47.120908+00:00,,,,,,,,,451,High,
1KZG1H1OCugGqIRmk1wF9m,Indigo (feat. Avery Anna),Sam Barber,Restless Mind,2024-11-01,83,286634,US,2026-01-09 10:02:47.120908+00:00,,,,,,,,,434,High,
6dOtVTDdiauQNBQEDOtlAB,BIRDS OF A FEATHER,Billie Eilish,HIT ME HARD AND SOFT,2024-05-17,95,210373,US,2026-01-09 10:02:47.120908+00:00,,,,,,,,,602,High,
0InIeZW4P6VO7dUGRM4AKH,Sienna,The Marías,Submarine,2024-05-31,89,224840,US,2026-01-09 10:02:47.120908+00:00,,,,,,,,,588,High,
0FTmksd2dxiE5e3rWyJXs6,back to friends,sombr,back to friends,2024-12-27,92,199032,US,2026-01-09 10:02:47.120908+00:00,,,,,,,,,378,High,
3QaPy1KgI7nu9FJEQUgn6h,WILDFLOWER,Billie Eilish,HIT ME HARD AND SOFT,2024-05-17,93,261466,US,2026-01-09 10:02:47.120908+00:00,,,,,,,,,602,High,
59c2xv2kMzYM6HR9oY6BIa,Sweet Boy,Malcolm Todd,Sweet Boy,2024-04-05,84,180000,US,2026-01-09 10:02:47.120908+00:00,,,,,,,,,644,High,
2plbrEY59IikOBgBGLjaoe,Die With A Smile,Lady Gaga,Die With A Smile,2024-08-16,92,251667,US,2026-01-09 10:02:47.120908+00:00,,,,,,,,,511,High,
5G2f63n7IPVPPjfNIGih7Q,Taste,Sabrina Carpenter,Short n' Sweet,2024-08-23,87,157279,US,2026-01-09 10:02:47.120908+00:00,,,,,,,,,504,High,
0WbMK4wrZ1wFSty9F7FCgu,"Good Luck, Babe!",Chappell Roan,"Good Luck, Babe!",2024-04-05,90,218423,US,2026-01-09 10:02:47.120908+00:00,,,,,,,,,644,High,
0hta2Lb2zKJ7kEnAEZEE3G,Nope your too late i already died,wifiskeleton,suburban daredevil,2024-10-22,88,90067,US,2026-01-09 10:02:47.120908+00:00,,,,,,,,,444,High,
6AI3ezQ4o3HUoP6Dhudph3,Not Like Us,Kendrick Lamar,Not Like Us,2024-05-04,88,274192,US,2026-01-09 10:02:47.120908+00:00,,,,,,,,,615,High,
3siwsiaEoU4Kuuc9WKMUy5,No One Noticed,The Marías,Submarine,2024-05-31,90,236906,US,2026-01-09 10:02:47.120908+00:00,,,,,,,,,588,High,
3EO58D1YpHnTvBy68gK8HE,Wind Up Missin’ You,Tucker Wetmore,Waves On A Sunset,2024-10-04,81,166666,US,2026-01-09 10:02:47.120908+00:00,,,,,,,,,462,High,
4WFgvKVfEhb3IUAFGrutTR,Love Me Not,Ravyn Lenae,Bird's Eye,2024-08-09,89,213466,US,2026-01-09 10:02:47.120908+00:00,,,,,,,,,518,High,
0aB0v4027ukVziUGwVGYpG,tv off (feat. lefty gunplay),Kendrick Lamar,GNX,2024-11-22,86,220690,US,2026-01-09 10:02:47.120908+00:00,,,,,,,,,413,High,
7ne4VBA60CxGM75vw0EYad,That’s So True,Gracie Abrams,The Secret of Us (Deluxe),2024-10-18,91,166300,US,2026-01-09 10:02:47.120908+00:00,,,,,,,,,448,High,
4ZJ4vzLQekI0WntDbanNC7,Pink Skies,Zach Bryan,Pink Skies,2024-05-24,85,194920,US,2026-01-09 10:02:47.120908+00:00,,,,,,,,,595,High,
2CGNAOSuO1MEFCbBRgUzjd,luther (with sza),Kendrick Lamar,GNX,2024-11-21,86,177598,US,2026-01-09 10:02:47.120908+00:00,,,,,,,,,414,High,
5IZXB5IKAD2qlvTPJYDCFB,I Had Some Help (Feat. Morgan Wallen),Post Malone,F-1 Trillion,2024-08-15,83,178205,US,2026-01-09 10:02:47.120908+00:00,,,,,,,,,512,High,
3xkHsmpQCBMytMJNiDf3Ii,Beautiful Things,Benson Boone,Fireworks & Rollerblades,2024-04-05,89,180304,US,2026-01-09 10:02:47.120908+00:00,,,,,,,,,644,High,
1osfLqL6L2iQsirRf83ded,Worst Way,Riley Green,Way Out Here,2024-04-12,83,220558,US,2026-01-09 10:02:47.120908+00:00,,,,,,,,,637,High,
2A22iI0x4EYAVXNpKPhNEM,weren't for the wind,Ella Langley,still hungover,2024-11-01,85,193666,US,2026-01-09 10:02:47.120908+00:00,,,,,,,,,434,High,
2RkZ5LkEzeHGRsmDqKwmaJ,Ordinary,Alex Warren,"You'll Be Alright, Kid (Chapter 1)",2024-09-26,92,186964,US,2026-01-09 10:02:47.120908+00:00,,,,,,,,,470,High,
2262bWmqomIaJXwCRHr13j,Sailor Song,Gigi Perez,Sailor Song,2024-07-26,88,211978,US,2026-01-09 10:02:47.120908+00:00,,,,,,,,,532,High,
0UOG0zUn7t8m8QcxfzR7AH,"Merry Christmas, Please Don't Call",Bleachers,"Merry Christmas, Please Don't Call",2024-11-13,83,202132,US,2026-01-09 10:02:47.120908+00:00,,,,,,,,,422,High,
7BRD7x5pt8Lqa1eGYC4dzj,CHIHIRO,Billie Eilish,HIT ME HARD AND SOFT,2024-05-17,87,303440,US,2026-01-09 10:02:47.120908+00:00,,,,,,,,,602,High,
3Vr3zh0r7ALn8VLqCiRR10,Stargazing,Myles Smith,Stargazing,2024-05-10,86,172533,US,2026-01-09 10:02:47.120908+00:00,,,,,,,,,609,High,
4jHl6jgzZOnS4nGamPZ1Uk,Santa Baby,Laufey,A Very Laufey Holiday,2024-11-01,83,182040,US,2026-01-09 10:02:47.120908+00:00,,,,,,,,,434,High,
0eAuGrXyGFYwur9ARUe7LJ,Earrings,Malcolm Todd,Sweet Boy,2024-04-05,81,151500,US,2026-01-09 10:02:47.120908+00:00,,,,,,,,,644,High,
2FAZskT9yRjp2Oow9szJD8,The Days - NOTION Remix,Chrystal,The Days (NOTION Remix),2024-11-08,87,233229,US,2026-01-09 10:02:47.120908+00:00,,,,,,,,,427,High,
2FQrifJ1N335Ljm3TjTVVf,A Bar Song (Tipsy),Shaboozey,A Bar Song (Tipsy),2024-04-12,83,171291,US,2026-01-09 10:02:47.120908+00:00,,,,,,,,,637,High,
5vPUv0xziXbV4lnWeVNXNq,Roommates,Malcolm Todd,Sweet Boy,2024-04-05,81,214504,US,2026-01-09 10:02:47.120908+00:00,,,,,,,,,644,High,
0nj9Bq5sHDiTxSHunhgkFb,squabble up,Kendrick Lamar,GNX,2024-11-22,81,157992,US,2026-01-09 10:02:47.120908+00:00,,,,,,,,,413,High,
6aJn7Cst74cj4lNIiPRgav,Touch,KATSEYE,Touch,2024-07-26,87,129882,US,2026-01-09 10:02:47.120908+00:00,,,,,,,,,532,High,
3neOwym9kfYsM1QWaR77C1,The Largest,BigXthaPlug,TAKE CARE,2024-10-11,80,132160,US,2026-01-09 10:02:47.120908+00:00,,,,,,,,,455,High,
0l0vcZMU7AOeQmUIREoI2U,Qué Pasaría...,Rauw Alejandro,Cosa Nuestra,2024-11-15,89,191018,US,2026-01-09 10:02:47.120908+00:00,,,,,,,,,420,High,
3tFed7YsjGnIfxeLEQwx3R,"Sticky (feat. GloRilla, Sexyy Red & Lil Wayne)","Tyler, The Creator",CHROMAKOPIA,2024-10-28,81,255915,US,2026-01-09 10:02:47.120908+00:00,,,,,,,,,438,High,
51rfRCiUSvxXlCSCfIztBy,"I Love You, I'm Sorry",Gracie Abrams,The Secret of Us,2024-06-21,88,157146,US,2026-01-09 10:02:47.120908+00:00,,,,,,,,,567,High,
4QpuZ1Qbcd11aOtY1kGMRg,The Fall,Cody Johnson,Leather Deluxe Edition,2024-11-01,79,197626,US,2026-01-09 10:02:47.120908+00:00,,,,,,,,,434,High,
2uvE4L5ZsYKpv8hbK4TIOt,MUTT,Leon Thomas,MUTT,2024-09-27,82,192933,US,2026-01-09 10:02:47.120908+00:00,,,,,,,,,469,High,
5AJ9hqTS2wcFQCELCFRO7A,MILLION DOLLAR BABY,Tommy Richman,MILLION DOLLAR BABY,2024-04-26,83,155151,US,2026-01-09 10:02:47.120908+00:00,,,,,,,,,623,High,
3t6gUcGYLrUuqwpXjOFWQc,I Never Lie,Zach Top,Cold Beer & Country Music,2024-04-05,80,224906,US,2026-01-09 10:02:47.120908+00:00,,,,,,,,,644,High,
2HRqTpkrJO5ggZyyK6NPWz,Espresso,Sabrina Carpenter,Short n' Sweet,2024-08-23,88,175459,US,2026-01-09 10:02:47.120908+00:00,,,,,,,,,504,High,
76JKIsdKrAfWUMjaA0u7v5,Too Sweet,Hozier,Unreal Unearth: Unaired,2024-08-19,79,251424,US,2026-01-09 10:02:47.120908+00:00,,,,,,,,,508,High,
6jbYpRPTEFl1HFKHk1IC0m,Like Him (feat. Lola Young),"Tyler, The Creator",CHROMAKOPIA,2024-10-28,86,278014,US,2026-01-09 10:02:47.120908+00:00,,,,,,,,,438,High,
6GG4yyk3UATdBfTHVgI8PB,Ain't No Love In Oklahoma (From Twisters: The Album),Luke Combs,Ain't No Love In Oklahoma (From Twisters: The Album),2024-05-16,82,210950,US,2026-01-09 10:02:47.120908+00:00,,,,,,,,,603,High,
1FHIZknONrV2c20w0x5AVG,Don't Mind If I Do,Riley Green,Don't Mind If I Do,2024-10-18,80,218946,US,2026-01-09 10:02:47.120908+00:00,,,,,,,,,448,High,
51ZQ1vr10ffzbwIjDCwqm4,we can't be friends (wait for your love),Ariana Grande,eternal sunshine,2024-03-08,88,228639,US,2026-01-09 10:02:47.120908+00:00,,,,,,,,,672,High,
5vNRhkKd0yEAg8suGBpjeY,APT.,ROSÉ,APT.,2024-10-18,89,169917,US,2026-01-09 10:02:47.120908+00:00,,,,,,,,,448,High,
1PREzVLuDT6PSE9sej4wnV,COQUETA,Fuerza Regida,MALA MÍA,2024-12-19,88,241648,US,2026-01-09 10:02:47.120908+00:00,,,,,,,,,386,High,
3D24ErT1MMmUfXWotSj2A2,ME JALO,Fuerza Regida,MALA MÍA,2024-12-19,85,212002,US,2026-01-09 10:02:47.120908+00:00,,,,,,,,,386,High,
1UHS8Rf6h5Ar3CDWRd3wjF,Bed Chem,Sabrina Carpenter,Short n' Sweet,2024-08-23,84,171869,US,2026-01-09 10:02:47.120908+00:00,,,,,,,,,504,High,
45J4avUb9Ni0bnETYaYFVJ,luther (with sza),Kendrick Lamar,GNX,2024-11-22,84,177598,US,2026-01-09 10:02:47.120908+00:00,,,,,,,,,413,High,
21B4gaTWnTkuSh77iWEXdS,Juno,Sabrina Carpenter,Short n' Sweet,2024-08-23,84,223192,US,2026-01-09 10:02:47.120908+00:00,,,,,,,,,504,High,
58AZXyKRlsMBMcrRjpJpVG,Debut,KATSEYE,Debut,2024-06-28,84,123281,US,2026-01-09 10:02:47.120908+00:00,,,,,,,,,560,High,
6hZvOA9oBZZM812GNDLjEb,Holiday Road - Spotify Singles Holiday,Kesha,Holiday Road - Spotify Singles Holiday,2024-10-15,80,125196,US,2026-01-09 10:02:47.120908+00:00,,,,,,,,,451,High,
13TtTCE6v8vwTSgWJPjwLl,girl you're taking home,Ella Langley,still hungover,2024-11-01,78,184706,US,2026-01-09 10:02:47.120908+00:00,,,,,,,,,434,High,
28drn6tQo95MRvO0jQEo5C,Type Shit,Future,WE DON'T TRUST YOU,2024-03-22,82,228266,US,2026-01-09 10:02:47.120908+00:00,,,,,,,,,658,High,
6dANcQ00uiiWoBDYVrsGvz,28,Zach Bryan,The Great American Bar Scene,2024-07-04,79,233333,US,2026-01-09 10:02:47.120908+00:00,,,,,,,,,554,High,
2kn0fLwt9QRorHuGdmk6ze,No One Noticed (Extended Spanish),The Marías,No One Noticed (Extended),2024-11-15,82,284466,US,2026-01-09 10:02:47.120908+00:00,,,,,,,,,420,High,
12VH4g5pTMZmrUVzfJq7F7,M a k e I t T o T h e M o r n i n g,PARTYNEXTDOOR,PARTYNEXTDOOR 4 (P4),2024-04-26,83,168453,US,2026-01-09 10:02:47.120908+00:00,,,,,,,,,623,High,
51eSHglvG1RJXtL3qI5trr,Slow It Down,Benson Boone,Fireworks & Rollerblades,2024-04-05,84,161831,US,2026-01-09 10:02:47.120908+00:00,,,,,,,,,644,High,
2uqYupMHANxnwgeiXTZXzd,Austin (Boots Stop Workin'),Dasha,What Happens Now?,2024-02-16,82,171782,US,2026-01-09 10:02:47.120908+00:00,,,,,,,,,693,High,
6EUcP55GlbmsmCzfL2vxtZ,on one tonight,Gunna,One of Wun,2024-05-10,81,90760,US,2026-01-09 10:02:47.120908+00:00,,,,,,,,,609,High,
2c7z5oRcPBbqRaBY2mLWcf,NEW DROP,Don Toliver,HARDSTONE PSYCHO,2024-06-14,82,217333,US,2026-01-09 10:02:47.120908+00:00,,,,,,,,,574,High,
4Na2HfNSr58chvfX69fy36,one of wun,Gunna,One of Wun,2024-05-10,82,144000,US,2026-01-09 10:02:47.120908+00:00,,,,,,,,,609,High,
6oCXDaFZYL7sHnowv6pdXb,Spring Into Summer,Lizzy McAlpine,Older (and Wiser),2024-10-04,80,262518,US,2026-01-09 10:02:47.120908+00:00,,,,,,,,,462,High,
2mWfVxEo4xZYDaz0v7hYrN,Juna,Clairo,Charm,2024-07-12,80,195109,US,2026-01-09 10:02:47.120908+00:00,,,,,,,,,546,High,
1wOp7yTVyH176bW1z9WAiv,Carry You Home,Alex Warren,"You'll Be Alright, Kid (Chapter 1)",2024-09-26,84,166880,US,2026-01-09 10:02:47.120908+00:00,,,,,,,,,470,High,
2PyJAiQjp1OPkow2FJZKHR,you look like you love me (feat. Riley Green),Ella Langley,hungover,2024-08-02,79,224280,US,2026-01-09 10:02:47.120908+00:00,,,,,,,,,525,High,
745JbQYxoYIegHzHTUxETp,"Everywhere, Everything (with Gracie Abrams)",Noah Kahan,Stick Season (Forever),2024-02-09,80,257668,US,2026-01-09 10:02:47.120908+00:00,,,,,,,,,700,High,
5fZJQrFKWQLb7FpJXZ1g7K,A Bar Song (Tipsy),Shaboozey,"Where I've Been, Isn't Where I'm Going",2024-05-31,81,171291,US,2026-01-09 10:02:47.120908+00:00,,,,,,,,,588,High,
2tHwzyyOLoWSFqYNjeVMzj,Please Please Please,Sabrina Carpenter,Short n' Sweet,2024-08-23,85,186365,US,2026-01-09 10:02:47.120908+00:00,,,,,,,,,504,High,
23p1uP74XiVYCXjPP23Kz7,FA9LA,Flipperachi,فصلة,2024-05-30,84,105271,IN,2026-01-09 10:02:47.120908+00:00,,,,,,,,,589,High,
0eCajpR75pDW0r64U6hP2x,Jo Tum Mere Ho,Anuv Jain,Jo Tum Mere Ho,2024-08-02,84,251813,IN,2026-01-09 10:02:47.120908+00:00,,,,,,,,,525,High,
4MtsPGGUTIs4qFD8gOSJ3D,Chambal K Dakku,Masoom Sharma,Chambal K Dakku,2024-05-20,76,227654,IN,2026-01-09 10:02:47.120908+00:00,,,,,,,,,599,High,
3FqtduiaqnFYvBgKuc6QWQ,Winning Speech,Karan Aujla,Winning Speech,2024-05-16,79,227441,IN,2026-01-09 10:02:47.120908+00:00,,,,,,,,,603,High,
2plbrEY59IikOBgBGLjaoe,Die With A Smile,Lady Gaga,Die With A Smile,2024-08-16,92,251667,IN,2026-01-09 10:02:47.120908+00:00,,,,,,,,,511,High,
2eqUVYJVnlDs8PgOtuOlJm,High On You,Jind Universe,High On You,2024-12-12,81,140250,IN,2026-01-09 10:02:47.120908+00:00,,,,,,,,,393,High,
5thVzD79BxlDTYy0LfHzvu,Zaroor,Aparshakti Khurana,Zaroor,2024-05-28,75,175448,IN,2026-01-09 10:02:47.120908+00:00,,,,,,,,,591,High,
78BWCd70D1X6LMkDZm1UoF,Millionaire,Yo Yo Honey Singh,Glory,2024-08-26,76,199114,IN,2026-01-09 10:02:47.120908+00:00,,,,,,,,,501,High,
2L5fXA2pNlTXJvQTeMZn4z,Lofar,Masoom Sharma,Lofar,2024-02-22,75,129772,IN,2026-01-09 10:02:47.120908+00:00,,,,,,,,,687,High,
5AnWrUzsrFgBvhn6dUElnr,"Aaj Ki Raat (From ""Stree 2"")",Sachin-Jigar,"Aaj Ki Raat (From ""Stree 2"")",2024-07-24,76,228620,IN,2026-01-09 10:02:47.120908+00:00,,,,,,,,,534,High,
3anHs4ijBd3Iw0E0fBPwtH,Kashish,Ashish Bhatia,Kashish,2024-06-11,81,193124,IN,2026-01-09 10:02:47.120908+00:00,,,,,,,,,577,High,
2lRpc4yAz0Bc2lMmFATLGv,Nazra Ke Teer,Vikram Sarkar,Nazra Ke Teer,2024-11-05,76,209772,IN,2026-01-09 10:02:47.120908+00:00,,,,,,,,,430,High,
2GzjIHQ87BF2zgbmmthZzO,Tu,Talwiinder,Tu,2024-07-31,80,132085,IN,2026-01-09 10:02:47.120908+00:00,,,,,,,,,527,High,
5npFBWhVs3VVlc0nY5xQMA,"Tainu Khabar Nahi - From ""Munjya""",Sachin-Jigar,"Tainu Khabar Nahi (From ""Munjya"")",2024-05-31,78,188166,IN,2026-01-09 10:02:47.120908+00:00,,,,,,,,,588,High,
1hlbywc8Jhl1FFqJxAMabE,Ishq,Faheem Abdullah,Lost;Found,2024-05-25,83,224842,IN,2026-01-09 10:02:47.120908+00:00,,,,,,,,,594,High,
1dFrZr9eMUsFqeag04ClqD,Russian Bandana,Dhanda Nyoliwala,Russian Bandana,2024-09-12,78,197142,IN,2026-01-09 10:02:47.120908+00:00,,,,,,,,,484,High,
4d2jV5fmX6hbRwaRbY39dt,Wavy,Karan Aujla,Wavy,2024-11-15,80,161000,IN,2026-01-09 10:02:47.120908+00:00,,,,,,,,,420,High,
6t9KM2EQD4H2KbrTgHGYf3,"Taras - From ""Munjya""",Sachin-Jigar,"Taras (From ""Munjya"")",2024-05-27,76,188814,IN,2026-01-09 10:02:47.120908+00:00,,,,,,,,,592,High,
4vHRQnzGcKEtqsLH70tAms,"Raanjhan (From ""Do Patti"")",Sachet-Parampara,"Raanjhan (From ""Do Patti"")",2024-10-04,84,240066,IN,2026-01-09 10:02:47.120908+00:00,,,,,,,,,462,High,
3vCzLB6kS2lGcIpm1OOUsy,Ishq Hai,Anurag Saikia,Mismatched: Season 3 (Soundtrack from the Netflix Series),2024-12-03,78,312857,IN,2026-01-09 10:02:47.120908+00:00,,,,,,,,,402,High,
6nRGPf5tpeJtKpXZO5cgIT,Paro,Aditya Rikhari,Paro,2024-11-12,82,70400,IN,2026-01-09 10:02:47.120908+00:00,,,,,,,,,423,High,
4ulroyDK6rN73nVkCkWhur,Sahiba,Jasleen Royal,Sahiba,2024-11-15,79,217148,IN,2026-01-09 10:02:47.120908+00:00,,,,,,,,,420,High,
2ceeTJAzKy295Fm0VsaXtE,"Tum Se (From ""Teri Baaton Mein Aisa Uljha Jiya"")",Sachin-Jigar,"Tum Se (From ""Teri Baaton Mein Aisa Uljha Jiya"")",2024-02-02,76,264089,IN,2026-01-09 10:02:47.120908+00:00,,,,,,,,,707,High,
0NXnuTqFQHDsbEIoKIAVCN,Tere Bina Na Guzara E,Josh Brar,Tere Bina Na Guzara E,2024-09-26,75,220800,IN,2026-01-09 10:02:47.120908+00:00,,,,,,,,,470,High,
5zCnGtCl5Ac5zlFHXaZmhy,"Sajni (From ""Laapataa Ladies"")",Ram Sampath,"Sajni (From ""Laapataa Ladies"")",2024-02-12,77,170044,IN,2026-01-09 10:02:47.120908+00:00,,,,,,,,,697,High,
2qSkIjg1o9h3YT9RAgYN75,Espresso,Sabrina Carpenter,Espresso,2024-04-12,86,175459,IN,2026-01-09 10:02:47.120908+00:00,,,,,,,,,637,High,
76ZWOhRRQzmb4xMoZzTjJ9,Payal,Yo Yo Honey Singh,Glory,2024-08-26,72,226751,IN,2026-01-09 10:02:47.120908+00:00,,,,,,,,,501,Medium,
5ByLpy1feHoHXoM4IC4BvW,Paaro,Aditya Rikhari,Paaro,2024-03-26,72,153214,IN,2026-01-09 10:02:47.120908+00:00,,,,,,,,,654,Medium,
6iK2pxK4fCJLZwrzUslWgY,"Kaho Na Kaho - From ""Murder""",Amir Jamal,Murder,2024-04-13,73,311676,IN,2026-01-09 10:02:47.120908+00:00,,,,,,,,,636,Medium,
4y2sSEDG8aP4nDyXWnmPjw,Blender,Masoom Sharma,Blender,2024-09-19,74,172797,IN,2026-01-09 10:02:47.120908+00:00,,,,,,,,,477,Medium,
5nIrIdLPPXeRMl8WXnnDv1,Knife Brows,Dhanda Nyoliwala,DNW Vol. 1,2024-10-19,73,175909,IN,2026-01-09 10:02:47.120908+00:00,,,,,,,,,447,Medium,
6egfWbtFFhMToV2DvmEzmo,"Tu Hain Toh (From ""Mr. And Mrs. Mahi"")",Bunny,Mr. And Mrs. Mahi (Original Motion Picture Soundtrack),2024-05-24,73,283539,IN,2026-01-09 10:02:47.120908+00:00,,,,,,,,,595,Medium,
1mQUEvGR7Sbt2OCz2gFrdx,"Aayi Nai (From ""Stree 2"")",Sachin-Jigar,"Aayi Nai (From ""Stree 2"")",2024-08-01,72,178780,IN,2026-01-09 10:02:47.120908+00:00,,,,,,,,,526,Medium,
1tf2iody5iRLYYPDSBpzRc,Soulmate,Badshah,Ek Tha Raja,2024-03-18,73,213599,IN,2026-01-09 10:02:47.120908+00:00,,,,,,,,,662,Medium,
3PWfXDaGLxwN9UJDHMEyKi,Teri Ramjhol Bole Gi (feat. Kay D & Aarohi Raghav),Masoom Sharma,Teri Ramjhol Bole Gi (feat. Kay D & Aarohi Raghav),2024-12-10,73,147169,IN,2026-01-09 10:02:47.120908+00:00,,,,,,,,,395,Medium,
5Ggb9pKiKcr5vNV9v1e1vs,"Tumhare Hi Rahenge Hum (From ""Stree 2"")",Sachin-Jigar,"Tumhare Hi Rahenge Hum (From ""Stree 2"")",2024-08-06,74,230086,IN,2026-01-09 10:02:47.120908+00:00,,,,,,,,,521,Medium,
2C6CJGFLbisteRuY6Plb7b,Ve Haaniyaan,Danny,Ve Haaniyaan,2024-01-19,73,240000,IN,2026-01-09 10:02:47.120908+00:00,,,,,,,,,721,Medium,
69Qzz3yyQSsA0T95jLDoPL,Dil Tu Jaan Tu,Gurnazar,Dil Tu Jaan Tu,2024-06-11,72,237333,IN,2026-01-09 10:02:47.120908+00:00,,,,,,,,,577,Medium,
0XRb6eZE4dBIJdqwf1Mixu,Suniyan Suniyan,Juss,Suniyan Suniyan,2024-04-12,75,197538,IN,2026-01-09 10:02:47.120908+00:00,,,,,,,,,637,High,
1bxzr3JK05fMTcweGAZUHp,"Chuttamalle (From ""Devara Part 1"")",Shilpa Rao,"Chuttamalle (From ""Devara Part 1"")",2024-08-05,75,222063,IN,2026-01-09 10:02:47.120908+00:00,,,,,,,,,522,High,
0M0ANKNzmM4Odd7FNKghzW,"Akhiyaan Gulaab (From ""Teri Baaton Mein Aisa Uljha Jiya"")",Mitraz,"Akhiyaan Gulaab (From ""Teri Baaton Mein Aisa Uljha Jiya"")",2024-01-19,75,171147,IN,2026-01-09 10:02:47.120908+00:00,,,,,,,,,721,High,
7hDoxkN20lLb06zifzYnD2,"Ishq - From ""Lost;Found""",Faheem Abdullah,"Ishq (From ""Lost;Found"")",2024-03-09,73,228639,IN,2026-01-09 10:02:47.120908+00:00,,,,,,,,,671,Medium,
34RYFiaoTNe7iFlqxpWAqh,Sharp Shooter (feat. Ruba Khan & Kay D),Masoom Sharma,Sharp Shooter,2024-09-16,71,176000,IN,2026-01-09 10:02:47.120908+00:00,,,,,,,,,480,Medium,
1zzejMGRYKP5XOa3FmzXfa,"Katchi Sera - From ""Think Indie""",Sai Abhyankkar,"Katchi Sera (From ""Think Indie"")",2024-01-22,73,181818,IN,2026-01-09 10:02:47.120908+00:00,,,,,,,,,718,Medium,
0MTdYgTZ25sLCO6kVnDoje,"Aasa Kooda - From ""Think Indie""",Sai Abhyankkar,"Aasa Kooda (From ""Think Indie"")",2024-06-13,75,215510,IN,2026-01-09 10:02:47.120908+00:00,,,,,,,,,575,High,
5VvkNZesG4T86mUULEG5Wp,Maiyya,Sachet-Parampara,Do Patti,2024-10-24,75,214250,IN,2026-01-09 10:02:47.120908+00:00,,,,,,,,,442,High,
7h8GSEQy5SFPfyRZbQAKPj,Talwinder - Wishes - Remake,Raiyan,Talwinder - Wishes (Remake),2024-08-23,73,127218,IN,2026-01-09 10:02:47.120908+00:00,,,,,,,,,504,Medium,
1PALLCSlHwAI4upY3sMg8u,"Jaana Samjho Na (From ""Bhool Bhulaiyaa 3"")",Aditya Rikhari,"Jaana Samjho Na (From ""Bhool Bhulaiyaa 3"")",2024-10-22,74,212108,IN,2026-01-09 10:02:47.120908+00:00,,,,,,,,,444,Medium,
0hFkx6EoIRvNmEVXQIIJtk,Paaro,Aditya Rikhari,Jaana,2024-12-12,74,153214,IN,2026-01-09 10:02:47.120908+00:00,,,,,,,,,393,Medium,
4BGfzLrK6lgvKDjKSU7wrN,Sajde,Faheem Abdullah,Lost;Found,2024-05-25,74,460833,IN,2026-01-09 10:02:47.120908+00:00,,,,,,,,,594,Medium,
5vNRhkKd0yEAg8suGBpjeY,APT.,ROSÉ,APT.,2024-10-18,89,169917,IN,2026-01-09 10:02:47.120908+00:00,,,,,,,,,448,High,
3be9ACTxtcL6Zm4vJRUiPG,blue,yung kai,blue,2024-08-02,84,214357,IN,2026-01-09 10:02:47.120908+00:00,,,,,,,,,525,High,
2262bWmqomIaJXwCRHr13j,Sailor Song,Gigi Perez,Sailor Song,2024-07-26,88,211978,IN,2026-01-09 10:02:47.120908+00:00,,,,,,,,,532,High,
3QaPy1KgI7nu9FJEQUgn6h,WILDFLOWER,Billie Eilish,HIT ME HARD AND SOFT,2024-05-17,93,261466,IN,2026-01-09 10:02:47.120908+00:00,,,,,,,,,602,High,
6XjDF6nds4DE2BBbagZol6,Gata Only,FloyyMenor,Gata Only,2024-02-02,85,222000,IN,2026-01-09 10:02:47.120908+00:00,,,,,,,,,707,High,
7tI8dRuH2Yc6RuoTjxo4dU,Who,Jimin,MUSE,2024-07-19,87,170887,IN,2026-01-09 10:02:47.120908+00:00,,,,,,,,,539,High,
0FTmksd2dxiE5e3rWyJXs6,back to friends,sombr,back to friends,2024-12-27,92,199032,IN,2026-01-09 10:02:47.120908+00:00,,,,,,,,,378,High,
0CTVMS0f1YfBrM3Qsehxju,What We Do,Jxggi,Breaking Boundaries,2024-08-23,68,156129,IN,2026-01-09 10:02:47.120908+00:00,,,,,,,,,504,Medium,
0RWLe6Dx5cWyPuB1sw6eWf,LAAVAN,Jasmine Sandlas,LAAVAN,2024-12-11,70,185046,IN,2026-01-09 10:02:47.120908+00:00,,,,,,,,,394,Medium,
6G9YlbU3ByPJQvOFDRdwyM,her,JVKE,her,2024-08-30,81,171757,IN,2026-01-09 10:02:47.120908+00:00,,,,,,,,,497,High,
5BQePe9rcCJozHK3oPayYk,MVP,Shubh,MVP,2024-05-10,67,196897,IN,2026-01-09 10:02:47.120908+00:00,,,,,,,,,609,Medium,
1BpvuKIG7jK5EiTp2tv5z8,King Shit,Shubh,Leo,2024-01-05,69,226933,IN,2026-01-09 10:02:47.120908+00:00,,,,,,,,,735,Medium,
5zK7gzWMZlT4TUf2iN2Wjw,Dekha Hi Nahi,Osho Jain,Uff,2024-10-10,70,221057,IN,2026-01-09 10:02:47.120908+00:00,,,,,,,,,456,Medium,
7livoZ5D5L93Rd1GWzdjQm,GLORY,Ogryzek,GLORY,2024-05-24,77,149522,IN,2026-01-09 10:02:47.120908+00:00,,,,,,,,,595,High,
7ne4VBA60CxGM75vw0EYad,That’s So True,Gracie Abrams,The Secret of Us (Deluxe),2024-10-18,91,166300,IN,2026-01-09 10:02:47.120908+00:00,,,,,,,,,448,High,
6dOtVTDdiauQNBQEDOtlAB,BIRDS OF A FEATHER,Billie Eilish,HIT ME HARD AND SOFT,2024-05-17,95,210373,IN,2026-01-09 10:02:47.120908+00:00,,,,,,,,,602,High,
7KmCQLSSde0UX5OqCgvGN9,ANTIDOTE,Karan Aujla,Four Me,2024-06-26,73,187332,IN,2026-01-09 10:02:47.120908+00:00,,,,,,,,,562,Medium,
3siwsiaEoU4Kuuc9WKMUy5,No One Noticed,The Marías,Submarine,2024-05-31,90,236906,IN,2026-01-09 10:02:47.120908+00:00,,,,,,,,,588,High,
1eZefeDb8uOsjvcbl1fJrG,"Naina (From ""Crew"")",Diljit Dosanjh,"Naina (From ""Crew"")",2024-03-05,72,180000,IN,2026-01-09 10:02:47.120908+00:00,,,,,,,,,675,Medium,
4thOONDx78zsY8sHGfU1M2,You and Me,Shubh,Leo,2024-01-05,68,172066,IN,2026-01-09 10:02:47.120908+00:00,,,,,,,,,735,Medium,
7KQdgW7QzNd9oPoCzjCU76,Bandana,Shubh,Bandana,2024-03-29,71,154666,IN,2026-01-09 10:02:47.120908+00:00,,,,,,,,,651,Medium,
7Je0oWG9OjLhHEXd2eHsFF,"Kiliye - From ""ARM""",Dhibu Ninan Thomas,"Kiliye (From ""ARM"")",2024-09-02,65,271641,IN,2026-01-09 10:02:47.120908+00:00,,,,,,,,,494,Medium,
2HRqTpkrJO5ggZyyK6NPWz,Espresso,Sabrina Carpenter,Short n' Sweet,2024-08-23,88,175459,IN,2026-01-09 10:02:47.120908+00:00,,,,,,,,,504,High,
5xlYVZxEwriP6hetG7QJw7,Old Money,AP Dhillon,The Brownprint,2024-08-30,71,128098,IN,2026-01-09 10:02:47.120908+00:00,,,,,,,,,497,Medium,
4sTlQPMyoFMPdhAJvErBN3,PASSO BEM SOLTO - Slowed,ATLXS,PASSO BEM SOLTO,2024-04-23,83,116072,IN,2026-01-09 10:02:47.120908+00:00,,,,,,,,,626,High,
0UOG0zUn7t8m8QcxfzR7AH,"Merry Christmas, Please Don't Call",Bleachers,"Merry Christmas, Please Don't Call",2024-11-13,83,202132,GB,2026-01-09 10:02:47.120908+00:00,,,,,,,,,422,High,
4jHl6jgzZOnS4nGamPZ1Uk,Santa Baby,Laufey,A Very Laufey Holiday,2024-11-01,83,182040,GB,2026-01-09 10:02:47.120908+00:00,,,,,,,,,434,High,
3QaPy1KgI7nu9FJEQUgn6h,WILDFLOWER,Billie Eilish,HIT ME HARD AND SOFT,2024-05-17,93,261466,GB,2026-01-09 10:02:47.120908+00:00,,,,,,,,,602,High,
6GOOcBV0wLoHrH5D9AWA32,Say My Name - Remix,Morgan Seatree,Say My Name (Remix),2024-12-06,82,168000,GB,2026-01-09 10:02:47.120908+00:00,,,,,,,,,399,High,
2FAZskT9yRjp2Oow9szJD8,The Days - NOTION Remix,Chrystal,The Days (NOTION Remix),2024-11-08,87,233229,GB,2026-01-09 10:02:47.120908+00:00,,,,,,,,,427,High,
3Vr3zh0r7ALn8VLqCiRR10,Stargazing,Myles Smith,Stargazing,2024-05-10,86,172533,GB,2026-01-09 10:02:47.120908+00:00,,,,,,,,,609,High,
0FTmksd2dxiE5e3rWyJXs6,back to friends,sombr,back to friends,2024-12-27,92,199032,GB,2026-01-09 10:02:47.120908+00:00,,,,,,,,,378,High,
27fIrMVmHLxP2Hot6qVxsy,Christmas (Baby Please Come Home),Michael Bublé,Christmas (Deluxe 10th Anniversary Edition),2024-12-05,82,189794,GB,2026-01-09 10:02:47.120908+00:00,,,,,,,,,400,High,
6pheMGrfMwwnypqafU7d4k,Run Rudolph Run - Spotify Singles Holiday,Mark Ambor,Run Rudolph Run - Spotify Singles Holiday,2024-10-15,85,155846,GB,2026-01-09 10:02:47.120908+00:00,,,,,,,,,451,High,
51rfRCiUSvxXlCSCfIztBy,"I Love You, I'm Sorry",Gracie Abrams,The Secret of Us,2024-06-21,88,157146,GB,2026-01-09 10:02:47.120908+00:00,,,,,,,,,567,High,
5G2f63n7IPVPPjfNIGih7Q,Taste,Sabrina Carpenter,Short n' Sweet,2024-08-23,87,157279,GB,2026-01-09 10:02:47.120908+00:00,,,,,,,,,504,High,
09ttHg3ZNVgDlYBZa1ZBw0,Starburster,Fontaines D.C.,Romance,2024-08-23,76,221450,GB,2026-01-09 10:02:47.120908+00:00,,,,,,,,,504,High,
0WbMK4wrZ1wFSty9F7FCgu,"Good Luck, Babe!",Chappell Roan,"Good Luck, Babe!",2024-04-05,90,218423,GB,2026-01-09 10:02:47.120908+00:00,,,,,,,,,644,High,
19XpFsce28aByvCC4g89tJ,Too Sweet,Hozier,Unreal Unearth: Unaired,2024-08-19,83,251424,GB,2026-01-09 10:02:47.120908+00:00,,,,,,,,,508,High,
1wOp7yTVyH176bW1z9WAiv,Carry You Home,Alex Warren,"You'll Be Alright, Kid (Chapter 1)",2024-09-26,84,166880,GB,2026-01-09 10:02:47.120908+00:00,,,,,,,,,470,High,
2A1aS3mwuGuX2yk1bgxOvA,Kisses (feat. bbyclose),BL3SS,Kisses (feat. bbyclose),2024-03-22,83,138246,GB,2026-01-09 10:02:47.120908+00:00,,,,,,,,,658,High,
6dOtVTDdiauQNBQEDOtlAB,BIRDS OF A FEATHER,Billie Eilish,HIT ME HARD AND SOFT,2024-05-17,95,210373,GB,2026-01-09 10:02:47.120908+00:00,,,,,,,,,602,High,
4ZJ4vzLQekI0WntDbanNC7,Pink Skies,Zach Bryan,Pink Skies,2024-05-24,85,194920,GB,2026-01-09 10:02:47.120908+00:00,,,,,,,,,595,High,
7ne4VBA60CxGM75vw0EYad,That’s So True,Gracie Abrams,The Secret of Us (Deluxe),2024-10-18,91,166300,GB,2026-01-09 10:02:47.120908+00:00,,,,,,,,,448,High,
4WFgvKVfEhb3IUAFGrutTR,Love Me Not,Ravyn Lenae,Bird's Eye,2024-08-09,89,213466,GB,2026-01-09 10:02:47.120908+00:00,,,,,,,,,518,High,
35ISBknsCeZQtq66xABI9g,Messy,Lola Young,This Wasn't Meant For You Anyway,2024-06-21,85,284066,GB,2026-01-09 10:02:47.120908+00:00,,,,,,,,,567,High,
3xkHsmpQCBMytMJNiDf3Ii,Beautiful Things,Benson Boone,Fireworks & Rollerblades,2024-04-05,89,180304,GB,2026-01-09 10:02:47.120908+00:00,,,,,,,,,644,High,
6rqn19AqjcM5wgI1hCYciJ,Holly Jolly Christmas,Michael Bublé,Christmas (Deluxe 10th Anniversary Edition),2024-12-05,90,121526,GB,2026-01-09 10:02:47.120908+00:00,,,,,,,,,400,High,
2RkZ5LkEzeHGRsmDqKwmaJ,Ordinary,Alex Warren,"You'll Be Alright, Kid (Chapter 1)",2024-09-26,92,186964,GB,2026-01-09 10:02:47.120908+00:00,,,,,,,,,470,High,
3it2BvJfyhPEWF3kD2TZJ1,It's Beginning to Look a Lot like Christmas,Michael Bublé,Christmas (Deluxe 10th Anniversary Edition),2024-12-05,91,207199,GB,2026-01-09 10:02:47.120908+00:00,,,,,,,,,400,High,
0InIeZW4P6VO7dUGRM4AKH,Sienna,The Marías,Submarine,2024-05-31,89,224840,GB,2026-01-09 10:02:47.120908+00:00,,,,,,,,,588,High,
1UNEuG9DYOWiikf00ayr52,Love Me Not,Ravyn Lenae,Love Me Not / Love Is Blind,2024-05-03,86,213466,GB,2026-01-09 10:02:47.120908+00:00,,,,,,,,,616,High,
5vNRhkKd0yEAg8suGBpjeY,APT.,ROSÉ,APT.,2024-10-18,89,169917,GB,2026-01-09 10:02:47.120908+00:00,,,,,,,,,448,High,
6yA2GnuThv4oDuEimu4Rmg,MAYBE.,SIENNA SPIRO,MAYBE.,2024-08-02,78,235395,GB,2026-01-09 10:02:47.120908+00:00,,,,,,,,,525,High,
7BRD7x5pt8Lqa1eGYC4dzj,CHIHIRO,Billie Eilish,HIT ME HARD AND SOFT,2024-05-17,87,303440,GB,2026-01-09 10:02:47.120908+00:00,,,,,,,,,602,High,
2262bWmqomIaJXwCRHr13j,Sailor Song,Gigi Perez,Sailor Song,2024-07-26,88,211978,GB,2026-01-09 10:02:47.120908+00:00,,,,,,,,,532,High,
4mDTqEqt0QHQFPNkz8eHjr,Writing's On The Wall,ROLE MODEL,Kansas Anymore,2024-07-19,81,169974,GB,2026-01-09 10:02:47.120908+00:00,,,,,,,,,539,High,
21B4gaTWnTkuSh77iWEXdS,Juno,Sabrina Carpenter,Short n' Sweet,2024-08-23,84,223192,GB,2026-01-09 10:02:47.120908+00:00,,,,,,,,,504,High,
1UHS8Rf6h5Ar3CDWRd3wjF,Bed Chem,Sabrina Carpenter,Short n' Sweet,2024-08-23,84,171869,GB,2026-01-09 10:02:47.120908+00:00,,,,,,,,,504,High,
3HrHhTWonBqF4mDasi8xvC,BACKBONE,Chase & Status,BACKBONE,2024-08-08,73,166448,GB,2026-01-09 10:02:47.120908+00:00,,,,,,,,,519,Medium,
6AI3ezQ4o3HUoP6Dhudph3,Not Like Us,Kendrick Lamar,Not Like Us,2024-05-04,88,274192,GB,2026-01-09 10:02:47.120908+00:00,,,,,,,,,615,High,
51eSHglvG1RJXtL3qI5trr,Slow It Down,Benson Boone,Fireworks & Rollerblades,2024-04-05,84,161831,GB,2026-01-09 10:02:47.120908+00:00,,,,,,,,,644,High,
0zLmRVBlZJ3IJTkChSXkBp,White Christmas (with Shania Twain),Michael Bublé,Christmas (Deluxe 10th Anniversary Edition),2024-12-05,81,218465,GB,2026-01-09 10:02:47.120908+00:00,,,,,,,,,400,High,
0hta2Lb2zKJ7kEnAEZEE3G,Nope your too late i already died,wifiskeleton,suburban daredevil,2024-10-22,88,90067,GB,2026-01-09 10:02:47.120908+00:00,,,,,,,,,444,High,
2plbrEY59IikOBgBGLjaoe,Die With A Smile,Lady Gaga,Die With A Smile,2024-08-16,92,251667,GB,2026-01-09 10:02:47.120908+00:00,,,,,,,,,511,High,
47CctmFYrX4htszDZCVaLM,Have Yourself a Merry Little Christmas,Michael Bublé,Christmas (Deluxe 10th Anniversary Edition),2024-12-05,80,232106,GB,2026-01-09 10:02:47.120908+00:00,,,,,,,,,400,High,
5dLwdEJAFzjQbeRrDL5uzo,Santa Claus Is Coming to Town,Michael Bublé,Christmas (Deluxe 10th Anniversary Edition),2024-12-05,83,171806,GB,2026-01-09 10:02:47.120908+00:00,,,,,,,,,400,High,
2gciS7UJjv59l7608DFGNl,Driving Home for Christmas - Spotify Singles Holiday,Dasha,Driving Home for Christmas - Spotify Singles Holiday,2024-10-15,81,166551,GB,2026-01-09 10:02:47.120908+00:00,,,,,,,,,451,High,
2uqYupMHANxnwgeiXTZXzd,Austin (Boots Stop Workin'),Dasha,What Happens Now?,2024-02-16,82,171782,GB,2026-01-09 10:02:47.120908+00:00,,,,,,,,,693,High,
2HRqTpkrJO5ggZyyK6NPWz,Espresso,Sabrina Carpenter,Short n' Sweet,2024-08-23,88,175459,GB,2026-01-09 10:02:47.120908+00:00,,,,,,,,,504,High,
3wo3d0I5H8KjkwGvnz8WbB,Somedays,Sonny Fodera,Somedays,2024-07-26,76,207168,GB,2026-01-09 10:02:47.120908+00:00,,,,,,,,,532,High,
27w0RH5IDt6xU3B2j7QOuy,Favourite,Fontaines D.C.,Romance,2024-08-23,72,256066,GB,2026-01-09 10:02:47.120908+00:00,,,,,,,,,504,Medium,
3siwsiaEoU4Kuuc9WKMUy5,No One Noticed,The Marías,Submarine,2024-05-31,90,236906,GB,2026-01-09 10:02:47.120908+00:00,,,,,,,,,588,High,
51ZQ1vr10ffzbwIjDCwqm4,we can't be friends (wait for your love),Ariana Grande,eternal sunshine,2024-03-08,88,228639,GB,2026-01-09 10:02:47.120908+00:00,,,,,,,,,672,High,
0hz5PNF2wejwUKCMpesQWt,Merry Christmas,Ed Sheeran,+-=÷× (Tour Collection),2024-09-27,81,208546,GB,2026-01-09 10:02:47.120908+00:00,,,,,,,,,469,High,
3SKH53SPQbEnZR4cJPVaz2,Messy,Lola Young,Messy,2024-05-30,84,284068,GB,2026-01-09 10:02:47.120908+00:00,,,,,,,,,589,High,
6tNQ70jh4OwmPGpYy6R2o9,Beautiful Things,Benson Boone,Beautiful Things,2024-01-18,85,180304,GB,2026-01-09 10:02:47.120908+00:00,,,,,,,,,722,High,
2FQrifJ1N335Ljm3TjTVVf,A Bar Song (Tipsy),Shaboozey,A Bar Song (Tipsy),2024-04-12,83,171291,GB,2026-01-09 10:02:47.120908+00:00,,,,,,,,,637,High,
4E2j6b0NrYXnlypn9sMiOu,Feel Good,Clara La San,Good Mourning,2024-12-13,78,212565,GB,2026-01-09 10:02:47.120908+00:00,,,,,,,,,392,High,
6aJn7Cst74cj4lNIiPRgav,Touch,KATSEYE,Touch,2024-07-26,87,129882,GB,2026-01-09 10:02:47.120908+00:00,,,,,,,,,532,High,
6hZvOA9oBZZM812GNDLjEb,Holiday Road - Spotify Singles Holiday,Kesha,Holiday Road - Spotify Singles Holiday,2024-10-15,80,125196,GB,2026-01-09 10:02:47.120908+00:00,,,,,,,,,451,High,
0MXmiqd7zoXxv6Gqn9ahhQ,Bug,Fontaines D.C.,Romance,2024-08-23,71,182039,GB,2026-01-09 10:02:47.120908+00:00,,,,,,,,,504,Medium,
4Na2HfNSr58chvfX69fy36,one of wun,Gunna,One of Wun,2024-05-10,82,144000,GB,2026-01-09 10:02:47.120908+00:00,,,,,,,,,609,High,
6EUcP55GlbmsmCzfL2vxtZ,on one tonight,Gunna,One of Wun,2024-05-10,81,90760,GB,2026-01-09 10:02:47.120908+00:00,,,,,,,,,609,High,
12VH4g5pTMZmrUVzfJq7F7,M a k e I t T o T h e M o r n i n g,PARTYNEXTDOOR,PARTYNEXTDOOR 4 (P4),2024-04-26,83,168453,GB,2026-01-09 10:02:47.120908+00:00,,,,,,,,,623,High,
3Pbp7cUCx4d3OAkZSCoNvn,Scared To Start,Michael Marcagi,Scared To Start,2024-01-12,79,159636,GB,2026-01-09 10:02:47.120908+00:00,,,,,,,,,728,High,
1KZG1H1OCugGqIRmk1wF9m,Indigo (feat. Avery Anna),Sam Barber,Restless Mind,2024-11-01,83,286634,GB,2026-01-09 10:02:47.120908+00:00,,,,,,,,,434,High,
2uvE4L5ZsYKpv8hbK4TIOt,MUTT,Leon Thomas,MUTT,2024-09-27,82,192933,GB,2026-01-09 10:02:47.120908+00:00,,,,,,,,,469,High,
6jbYpRPTEFl1HFKHk1IC0m,Like Him (feat. Lola Young),"Tyler, The Creator",CHROMAKOPIA,2024-10-28,86,278014,GB,2026-01-09 10:02:47.120908+00:00,,,,,,,,,438,High,
19fbN84F5YHDyv8dyTbCO8,Jingle Bells (feat. The Puppini Sisters),Michael Bublé,Christmas (Deluxe 10th Anniversary Edition),2024-12-05,79,161804,GB,2026-01-09 10:02:47.120908+00:00,,,,,,,,,400,High,
315aBOUD3xtj7sUMXtRgMV,In The Stars,Benson Boone,Fireworks & Rollerblades,2024-04-05,83,216410,GB,2026-01-09 10:02:47.120908+00:00,,,,,,,,,644,High,
6eWAWHm0cuOaPGDWhoLJ7s,Nice To Meet You,Myles Smith,Nice To Meet You (Mistletoe Version),2024-12-13,79,176000,GB,2026-01-09 10:02:47.120908+00:00,,,,,,,,,392,High,
0aB0v4027ukVziUGwVGYpG,tv off (feat. lefty gunplay),Kendrick Lamar,GNX,2024-11-22,86,220690,GB,2026-01-09 10:02:47.120908+00:00,,,,,,,,,413,High,
745JbQYxoYIegHzHTUxETp,"Everywhere, Everything (with Gracie Abrams)",Noah Kahan,Stick Season (Forever),2024-02-09,80,257668,GB,2026-01-09 10:02:47.120908+00:00,,,,,,,,,700,High,
6GG4yyk3UATdBfTHVgI8PB,Ain't No Love In Oklahoma (From Twisters: The Album),Luke Combs,Ain't No Love In Oklahoma (From Twisters: The Album),2024-05-16,82,210950,GB,2026-01-09 10:02:47.120908+00:00,,,,,,,,,603,High,
1FZP4hpT4iuLaOb5HpriLq,I'll Be Home for Christmas,Michael Bublé,Christmas (Deluxe 10th Anniversary Edition),2024-12-05,79,267608,GB,2026-01-09 10:02:47.120908+00:00,,,,,,,,,400,High,
5IZXB5IKAD2qlvTPJYDCFB,I Had Some Help (Feat. Morgan Wallen),Post Malone,F-1 Trillion,2024-08-15,83,178205,GB,2026-01-09 10:02:47.120908+00:00,,,,,,,,,512,High,
5fZJQrFKWQLb7FpJXZ1g7K,A Bar Song (Tipsy),Shaboozey,"Where I've Been, Isn't Where I'm Going",2024-05-31,81,171291,GB,2026-01-09 10:02:47.120908+00:00,,,,,,,,,588,High,
2rMK6uQxoSGYWOXtzPUY4Z,Winter Wonderland,Michael Bublé,Christmas (Deluxe 10th Anniversary Edition),2024-12-05,82,150880,GB,2026-01-09 10:02:47.120908+00:00,,,,,,,,,400,High,
2tHwzyyOLoWSFqYNjeVMzj,Please Please Please,Sabrina Carpenter,Short n' Sweet,2024-08-23,85,186365,GB,2026-01-09 10:02:47.120908+00:00,,,,,,,,,504,High,
